{
  "target": 0.106048583984375,
  "probe": {
    "center_ival": 0.0677490234375,
    "center_ch1": 0.14973958333333334,
    "center_error_to_target": 0.04369099934895834,
    "plus_ch1": 0.1744384765625,
    "minus_ch1": 0.11995442708333333,
    "plus_delta_ch1": 0.024698893229166657,
    "minus_delta_ch1": -0.029785156250000014,
    "max_abs_delta_ch1": 0.029785156250000014,
    "probe_min_ch1_change": 0.006,
    "probe_inconclusive": false,
    "selected_direction": -1.0,
    "selected_start": 0.0677490234375,
    "selected_step": -0.003,
    "selected_stop_limit": -0.0822509765625,
    "reason": "center is above target; choose the side with stronger CH1 decrease"
  },
  "approach": {
    "stop_reason": "clear transmission drop",
    "final_ival": 0.064697265625,
    "final_ch1": 0.13090006510416666,
    "final_ch2": 0.064697265625,
    "drop_from_baseline": 0.016886393229166685
  },
  "p_summaries": [
    {
      "ok": true,
      "n": 8,
      "ch1_mean": 0.1369171142578125,
      "ch1_min": 0.1280517578125,
      "ch1_max": 0.1456298828125,
      "ch1_ptp": 0.017578125,
      "ch1_std": 0.006213587999104513,
      "target_error_mean": 0.0308685302734375,
      "target_crossings": 0,
      "ch2_mean": 0.0645751953125,
      "ch2_min": 0.0645751953125,
      "ch2_max": 0.0645751953125,
      "ch2_ptp": 0.0,
      "ival_start": 0.064697265625,
      "ival_end": 0.064697265625,
      "ival_drift": 0.0,
      "periodic_or_large": false,
      "platform_like": false,
      "too_deep": false,
      "out2_saturated": false,
      "ival_saturated": false,
      "requested_p": -0.000488,
      "readback_p": -0.00048828125
    },
    {
      "ok": true,
      "n": 8,
      "ch1_mean": 0.1360321044921875,
      "ch1_min": 0.1297607421875,
      "ch1_max": 0.147705078125,
      "ch1_ptp": 0.0179443359375,
      "ch1_std": 0.005448541599162049,
      "target_error_mean": 0.0299835205078125,
      "target_crossings": 0,
      "ch2_mean": 0.0645751953125,
      "ch2_min": 0.0645751953125,
      "ch2_max": 0.0645751953125,
      "ch2_ptp": 0.0,
      "ival_start": 0.064697265625,
      "ival_end": 0.064697265625,
      "ival_drift": 0.0,
      "periodic_or_large": false,
      "platform_like": false,
      "too_deep": false,
      "out2_saturated": false,
      "ival_saturated": false,
      "requested_p": -0.000976,
      "readback_p": -0.0009765625
    },
    {
      "ok": true,
      "n": 8,
      "ch1_mean": 0.1392669677734375,
      "ch1_min": 0.1263427734375,
      "ch1_max": 0.1484375,
      "ch1_ptp": 0.0220947265625,
      "ch1_std": 0.007181282853092047,
      "target_error_mean": 0.0332183837890625,
      "target_crossings": 0,
      "ch2_mean": 0.0645751953125,
      "ch2_min": 0.0645751953125,
      "ch2_max": 0.0645751953125,
      "ch2_ptp": 0.0,
      "ival_start": 0.064697265625,
      "ival_end": 0.064697265625,
      "ival_drift": 0.0,
      "periodic_or_large": false,
      "platform_like": false,
      "too_deep": false,
      "out2_saturated": false,
      "ival_saturated": false,
      "requested_p": -0.001953,
      "readback_p": -0.001953125
    },
    {
      "ok": true,
      "n": 8,
      "ch1_mean": 0.1150970458984375,
      "ch1_min": 0.076904296875,
      "ch1_max": 0.1392822265625,
      "ch1_ptp": 0.0623779296875,
      "ch1_std": 0.02105124018054371,
      "target_error_mean": 0.0090484619140625,
      "target_crossings": 1,
      "ch2_mean": 0.064605712890625,
      "ch2_min": 0.064453125,
      "ch2_max": 0.064697265625,
      "ch2_ptp": 0.000244140625,
      "ival_start": 0.064697265625,
      "ival_end": 0.064697265625,
      "ival_drift": 0.0,
      "periodic_or_large": false,
      "platform_like": false,
      "too_deep": false,
      "out2_saturated": false,
      "ival_saturated": false,
      "requested_p": -0.003906,
      "readback_p": -0.00390625
    },
    {
      "ok": true,
      "n": 8,
      "ch1_mean": 0.0962066650390625,
      "ch1_min": 0.0794677734375,
      "ch1_max": 0.1104736328125,
      "ch1_ptp": 0.031005859375,
      "ch1_std": 0.010658184971443531,
      "target_error_mean": -0.0098419189453125,
      "target_crossings": 4,
      "ch2_mean": 0.0646820068359375,
      "ch2_min": 0.0645751953125,
      "ch2_max": 0.064697265625,
      "ch2_ptp": 0.0001220703125,
      "ival_start": 0.064697265625,
      "ival_end": 0.064697265625,
      "ival_drift": 0.0,
      "periodic_or_large": false,
      "platform_like": false,
      "too_deep": false,
      "out2_saturated": false,
      "ival_saturated": false,
      "requested_p": -0.007812,
      "readback_p": -0.0078125
    }
  ],
  "i_summaries": [
    {
      "ok": true,
      "n": 8,
      "ch1_mean": 0.1046905517578125,
      "ch1_min": 0.09619140625,
      "ch1_max": 0.1175537109375,
      "ch1_ptp": 0.0213623046875,
      "ch1_std": 0.00908459401632685,
      "target_error_mean": -0.0013580322265625,
      "target_crossings": 4,
      "ch2_mean": 0.06451416015625,
      "ch2_min": 0.0618896484375,
      "ch2_max": 0.0684814453125,
      "ch2_ptp": 0.006591796875,
      "ival_start": 0.0648193359375,
      "ival_end": 0.0611572265625,
      "ival_drift": -0.003662109375,
      "periodic_or_large": false,
      "platform_like": false,
      "too_deep": false,
      "out2_saturated": false,
      "ival_saturated": false,
      "requested_i": -1.0,
      "readback_i": -1.0005159917010866
    },
    {
      "ok": true,
      "n": 8,
      "ch1_mean": 0.105560302734375,
      "ch1_min": 0.0966796875,
      "ch1_max": 0.120361328125,
      "ch1_ptp": 0.023681640625,
      "ch1_std": 0.008116241557834969,
      "target_error_mean": -0.00048828125,
      "target_crossings": 3,
      "ch2_mean": 0.06317138671875,
      "ch2_min": 0.060302734375,
      "ch2_max": 0.06689453125,
      "ch2_ptp": 0.006591796875,
      "ival_start": 0.0616455078125,
      "ival_end": 0.0596923828125,
      "ival_drift": -0.001953125,
      "periodic_or_large": false,
      "platform_like": false,
      "too_deep": false,
      "out2_saturated": false,
      "ival_saturated": false,
      "requested_i": -5.0,
      "readback_i": -4.997947940025335
    },
    {
      "ok": true,
      "n": 8,
      "ch1_mean": 0.1004486083984375,
      "ch1_min": 0.09423828125,
      "ch1_max": 0.1153564453125,
      "ch1_ptp": 0.0211181640625,
      "ch1_std": 0.007819277088891435,
      "target_error_mean": -0.0055999755859375,
      "target_crossings": 3,
      "ch2_mean": 0.059722900390625,
      "ch2_min": 0.0562744140625,
      "ch2_max": 0.0643310546875,
      "ch2_ptp": 0.008056640625,
      "ival_start": 0.0579833984375,
      "ival_end": 0.05908203125,
      "ival_drift": 0.0010986328125,
      "periodic_or_large": false,
      "platform_like": false,
      "too_deep": false,
      "out2_saturated": false,
      "ival_saturated": false,
      "requested_i": -10.0,
      "readback_i": -10.000527898530768
    },
    {
      "ok": true,
      "n": 8,
      "ch1_mean": 0.1085662841796875,
      "ch1_min": 0.0950927734375,
      "ch1_max": 0.1185302734375,
      "ch1_ptp": 0.0234375,
      "ch1_std": 0.007700822256783464,
      "target_error_mean": 0.0025177001953125,
      "target_crossings": 4,
      "ch2_mean": 0.057952880859375,
      "ch2_min": 0.056640625,
      "ch2_max": 0.059814453125,
      "ch2_ptp": 0.003173828125,
      "ival_start": 0.057373046875,
      "ival_end": 0.0572509765625,
      "ival_drift": -0.0001220703125,
      "periodic_or_large": false,
      "platform_like": false,
      "too_deep": false,
      "out2_saturated": false,
      "ival_saturated": false,
      "requested_i": -50.0,
      "readback_i": -49.99800747417374
    },
    {
      "ok": true,
      "n": 8,
      "ch1_mean": 0.1061553955078125,
      "ch1_min": 0.0947265625,
      "ch1_max": 0.1185302734375,
      "ch1_ptp": 0.0238037109375,
      "ch1_std": 0.010197061830744448,
      "target_error_mean": 0.0001068115234375,
      "target_crossings": 4,
      "ch2_mean": 0.054046630859375,