{
  "target": 0.09381103515625,
  "probe": {
    "center_ival": -0.0875244140625,
    "center_ch1": 0.05810546875,
    "center_error_to_target": -0.03570556640625,
    "plus_ch1": 0.11751302083333333,
    "minus_ch1": 0.057698567708333336,
    "plus_delta_ch1": 0.05940755208333333,
    "minus_delta_ch1": -0.00040690104166666435,
    "max_abs_delta_ch1": 0.05940755208333333,
    "probe_min_ch1_change": 0.006,
    "probe_inconclusive": false,
    "selected_direction": 1.0,
    "selected_start": -0.0875244140625,
    "selected_step": 0.003,
    "selected_stop_limit": 0.062475585937499994,
    "reason": "center is below target; choose the side with stronger CH1 increase"
  },
  "approach": {
    "stop_reason": "near target",
    "final_ival": -0.0814208984375,
    "final_ch1": 0.08951822916666667,
    "final_ch2": -0.0814208984375,
    "drop_from_baseline": -0.02372233072916667
  },
  "p_summaries": [
    {
      "ok": true,
      "n": 6,
      "ch1_mean": 0.09629313151041667,
      "ch1_min": 0.08251953125,
      "ch1_max": 0.107177734375,
      "ch1_ptp": 0.024658203125,
      "ch1_std": 0.00821761310129089,
      "target_error_mean": 0.0024820963541666713,
      "target_crossings": 3,
      "ch2_mean": -0.08150227864583333,
      "ch2_min": -0.08154296875,
      "ch2_max": -0.0814208984375,
      "ch2_ptp": 0.0001220703125,
      "ival_start": -0.0814208984375,
      "ival_end": -0.0814208984375,
      "ival_drift": 0.0,
      "periodic_or_large": false,
      "platform_like": false,
      "too_deep": false,
      "out2_saturated": false,
      "ival_saturated": false,
      "requested_p": -0.000488,
      "readback_p": -0.00048828125
    },
    {
      "ok": true,
      "n": 6,
      "ch1_mean": 0.09527587890625,
      "ch1_min": 0.0888671875,
      "ch1_max": 0.105712890625,
      "ch1_ptp": 0.016845703125,
      "ch1_std": 0.005760955760027774,
      "target_error_mean": 0.00146484375,
      "target_crossings": 3,
      "ch2_mean": -0.08148193359375,
      "ch2_min": -0.08154296875,
      "ch2_max": -0.0814208984375,
      "ch2_ptp": 0.0001220703125,
      "ival_start": -0.0814208984375,
      "ival_end": -0.0814208984375,
      "ival_drift": 0.0,
      "periodic_or_large": false,
      "platform_like": false,
      "too_deep": false,
      "out2_saturated": false,
      "ival_saturated": false,
      "requested_p": -0.000976,
      "readback_p": -0.0009765625
    },
    {
      "ok": true,
      "n": 6,
      "ch1_mean": 0.048299153645833336,
      "ch1_min": 0.03515625,
      "ch1_max": 0.0645751953125,
      "ch1_ptp": 0.0294189453125,
      "ch1_std": 0.010325028743298506,
      "target_error_mean": -0.045511881510416664,
      "target_crossings": 0,
      "ch2_mean": -0.0814208984375,
      "ch2_min": -0.0814208984375,
      "ch2_max": -0.0814208984375,
      "ch2_ptp": 0.0,
      "ival_start": -0.0814208984375,
      "ival_end": -0.0814208984375,
      "ival_drift": 0.0,
      "periodic_or_large": false,
      "platform_like": false,
      "too_deep": false,
      "out2_saturated": false,
      "ival_saturated": false,
      "requested_p": -0.001953,
      "readback_p": -0.001953125
    },
    {
      "ok": true,
      "n": 6,
      "ch1_mean": 0.0584716796875,
      "ch1_min": 0.0491943359375,
      "ch1_max": 0.0697021484375,
      "ch1_ptp": 0.0205078125,
      "ch1_std": 0.007126578730524493,
      "target_error_mean": -0.03533935546875,
      "target_crossings": 0,
      "ch2_mean": -0.08133951822916667,
      "ch2_min": -0.0814208984375,
      "ch2_max": -0.081298828125,
      "ch2_ptp": 0.0001220703125,
      "ival_start": -0.0814208984375,
      "ival_end": -0.0814208984375,
      "ival_drift": 0.0,
      "periodic_or_large": false,
      "platform_like": false,
      "too_deep": false,
      "out2_saturated": false,
      "ival_saturated": false,
      "requested_p": -0.003906,
      "readback_p": -0.00390625
    },
    {
      "ok": true,
      "n": 6,
      "ch1_mean": 0.047953287760416664,
      "ch1_min": 0.0341796875,
      "ch1_max": 0.06201171875,
      "ch1_ptp": 0.02783203125,
      "ch1_std": 0.010388993220363556,
      "target_error_mean": -0.045857747395833336,
      "target_crossings": 0,
      "ch2_mean": -0.08115641276041667,
      "ch2_min": -0.081298828125,
      "ch2_max": -0.0810546875,
      "ch2_ptp": 0.000244140625,
      "ival_start": -0.0814208984375,
      "ival_end": -0.0814208984375,
      "ival_drift": 0.0,
      "periodic_or_large": false,
      "platform_like": false,
      "too_deep": false,
      "out2_saturated": false,
      "ival_saturated": false,
      "requested_p": -0.007812,
      "readback_p": -0.0078125
    }
  ],
  "i_summaries": [
    {
      "ok": true,
      "n": 6,
      "ch1_mean": 0.09649658203125,
      "ch1_min": 0.0821533203125,
      "ch1_max": 0.1094970703125,
      "ch1_ptp": 0.02734375,
      "ch1_std": 0.00863649258201715,
      "target_error_mean": 0.002685546875,
      "target_crossings": 3,
      "ch2_mean": -0.0567626953125,
      "ch2_min": -0.06103515625,
      "ch2_max": -0.0518798828125,
      "ch2_ptp": 0.0091552734375,
      "ival_start": -0.0533447265625,
      "ival_end": -0.06103515625,
      "ival_drift": -0.0076904296875,
      "periodic_or_large": false,
      "platform_like": false,
      "too_deep": false,
      "out2_saturated": false,
      "ival_saturated": false,
      "requested_i": -1.0,
      "readback_i": -1.0005159917010866
    },
    {
      "ok": true,
      "n": 6,
      "ch1_mean": 0.09751383463541667,
      "ch1_min": 0.087646484375,
      "ch1_max": 0.1087646484375,
      "ch1_ptp": 0.0211181640625,
      "ch1_std": 0.007600585799827369,
      "target_error_mean": 0.0037027994791666713,
      "target_crossings": 4,
      "ch2_mean": -0.058186848958333336,
      "ch2_min": -0.060791015625,
      "ch2_max": -0.0545654296875,
      "ch2_ptp": 0.0062255859375,
      "ival_start": -0.06005859375,
      "ival_end": -0.0596923828125,
      "ival_drift": 0.0003662109375,
      "periodic_or_large": false,
      "platform_like": false,
      "too_deep": false,
      "out2_saturated": false,
      "ival_saturated": false,
      "requested_i": -5.0,
      "readback_i": -4.997947940025335
    },
    {
      "ok": true,
      "n": 6,
      "ch1_mean": 0.10129801432291667,
      "ch1_min": 0.096923828125,
      "ch1_max": 0.106689453125,
      "ch1_ptp": 0.009765625,
      "ch1_std": 0.003184309386863823,
      "target_error_mean": 0.007486979166666671,
      "target_crossings": 0,
      "ch2_mean": -0.06109619140625,
      "ch2_min": -0.0638427734375,
      "ch2_max": -0.0579833984375,
      "ch2_ptp": 0.005859375,
      "ival_start": -0.0587158203125,
      "ival_end": -0.0638427734375,
      "ival_drift": -0.005126953125,
      "periodic_or_large": false,
      "platform_like": false,
      "too_deep": false,
      "out2_saturated": false,
      "ival_saturated": false,
      "requested_i": -10.0,
      "readback_i": -10.000527898530768
    },
    {
      "ok": true,
      "n": 6,
      "ch1_mean": 0.09232584635416667,
      "ch1_min": 0.0855712890625,
      "ch1_max": 0.0986328125,
      "ch1_ptp": 0.0130615234375,
      "ch1_std": 0.0046502576553807354,
      "target_error_mean": -0.0014851888020833287,
      "target_crossings": 3,
      "ch2_mean": -0.05657958984375,
      "ch2_min": -0.0614013671875,
      "ch2_max": -0.050537109375,
      "ch2_ptp": 0.0108642578125,
      "ival_start": -0.0531005859375,
      "ival_end": -0.0498046875,
      "ival_drift": 0.0032958984375,
      "periodic_or_large": false,
      "platform_like": false,
      "too_deep": false,
      "out2_saturated": false,
      "ival_saturated": false,
      "requested_i": -50.0,
      "readback_i": -49.99800747417374
    },
    {
      "ok": true,
      "n": 6,
      "ch1_mean": 0.09224446614583333,
      "ch1_min": 0.0792236328125,
      "ch1_max": 0.10693359375,
      "ch1_ptp": 0.0277099609375,
      "ch1_std": 0.008912711968858006,